id,name,category,rarity,channel,kind,mag,pct,kind2,mag2,pct2,plugin
cq_berth_pad,Standard Berth Pad,cq_slot_bunk,common,market,peak_time,15,0,,0,0,
cq_ease_field_berth,Domain Ease-Field Berth,cq_slot_bunk,exceptional,scavenge,peak_time,30,0,,0,0,
cq_gel_mattress,Gel-Rest Mattress,cq_slot_bunk,common,market,cr_degradation,5,0,,0,0,
cq_officers_rack,Officer's Rest Rack,cq_slot_bunk,uncommon,battle,own_salvage_recovery,10,0,,0,0,
cq_cryofoam_bunk,Cryofoam Bunk,cq_slot_bunk,rare,scavenge,cr_recovery,10,0,,0,0,
cq_recruitment_print,Recruitment Print,cq_slot_wall,common,market,ground_ops,10,0,,0,0,
cq_xiv_pennant,XIV Battlegroup Pennant,cq_slot_wall,exceptional,battle,ground_ops,25,0,,0,0,
cq_path_triptych,Stations of the Path Triptych,cq_slot_wall,common,market,ground_support,20,0,,0,0,
cq_kill_marks,Kill-Mark Stencils,cq_slot_wall,uncommon,battle,marine_casualties,8,0,,0,0,
cq_warlord_banner,Captured Warlord Banner,cq_slot_wall,rare,battle,top_speed,6,0,,0,0,
cq_grav_cat,Grav-Cat,cq_slot_pet,common,market,noncombat_crew_loss,15,0,,0,0,
cq_salvage_raven,Salvage Raven,cq_slot_pet,rare,scavenge,salvage_not_rare,20,0,,0,0,
cq_hull_rat_cage,Hull-Rat Cage,cq_slot_pet,common,battle,crew_hull_damage,10,0,,0,0,
cq_cyber_parrot,Cyber-Parrot,cq_slot_pet,uncommon,market,crew_combat_loss,15,0,,0,0,
cq_agravifish_bowl,Agravifish Bowl,cq_slot_pet,uncommon,market,overload_reduction,7,0,,0,0,
cq_herb_rack,Hydroponic Herb Rack,cq_slot_plant,common,market,supply_use_capped,20,8,,0,0,
cq_rose_bonsai,Eventide Rose Bonsai,cq_slot_plant,rare,market,maneuverability,20,0,,0,0,
cq_antixenol_planter,Antixenol Planter,cq_slot_plant,common,market,cr_recovery,5,0,,0,0,
cq_prayer_garden,Gilead Prayer Garden,cq_slot_plant,uncommon,market,recovered_cr_max,11,0,,0,0,
cq_reef_terrarium,Volturn Reef Terrarium,cq_slot_plant,exceptional,scavenge,supply_use_capped,25,10,fuel_use_capped,5,8,
cq_tripad_dock,TriPad Dock,cq_slot_desk,common,market,survey_cost,10,0,,0,0,
cq_survey_cache,Domain Survey Cache,cq_slot_desk,rare,scavenge,survey_cost,20,0,,0,0,
cq_chart_table,Secondhand Chart Table,cq_slot_desk,common,market,terrain_penalty,6,0,,0,0,
cq_ephemeris,Navigator's Ephemeris,cq_slot_desk,uncommon,market,maneuverability,15,0,,0,0,
cq_slate_rack,Surveyor's Slate Rack,cq_slot_desk,uncommon,scavenge,recoil,7,0,,0,0,
cq_medal_rack,Scrap Medal Rack,cq_slot_display,common,battle,battle_salvage,5,0,,0,0,
cq_remnant_facet,Remnant Facet,cq_slot_display,rare,battle,battle_salvage,8,0,,0,0,
cq_sample_case,Academy Sample Case,cq_slot_display,common,scavenge,recovered_hull_max,8,0,,0,0,
cq_vambrace_fragment,Vambrace Fragment,cq_slot_display,uncommon,battle,recovered_hull_max,12,0,,0,0,
cq_warlord_sidearm,Warlord's Sidearm,cq_slot_display,uncommon,battle,recovered_cr_max,12,0,,0,0,
cq_deck_mat,Woven Deck Mat,cq_slot_rug,common,market,detected_at,5,0,,0,0,
cq_kumari_rug,Kumari Silk Rug,cq_slot_rug,uncommon,scavenge,emp_taken,16,0,,0,0,
cq_insulfiber_carpet,Insulfiber Carpet,cq_slot_rug,common,market,go_dark_detect,10,0,,0,0,
cq_deck_quilt,Tarsus Deck-Quilt,cq_slot_rug,uncommon,market,corona_resist,22,0,,0,0,
cq_ash_silk_rug,Askonian Ash-Silk Rug,cq_slot_rug,rare,scavenge,corona_resist,30,0,,0,0,
cq_lume_candles,Votive Lume-Candles,cq_slot_light,common,market,sensor_range,5,0,,0,0,
cq_lumen_shard,Remnant Lumen Shard,cq_slot_light,rare,battle,sensor_range,10,0,,0,0,
cq_glowpanel,Low-Band Glowpanel,cq_slot_light,common,scavenge,fuel_use_capped,6,5,,0,0,
cq_desk_lamp,Fabrique Orbitale Desk Lamp,cq_slot_light,uncommon,market,move_slow_bonus,1,0,,0,0,
cq_signal_lamp,Hegemony Signal Lamp,cq_slot_light,uncommon,battle,recoil,8,0,,0,0,
cq_caff_urn,Caff Urn,cq_slot_galley,common,market,repair_rate,10,0,,0,0,
cq_drinks_cabinet,Faction Drinks Cabinet,cq_slot_galley,uncommon,market,max_contacts,1,0,,0,0,
cq_prize_still,Prize-Crew Still,cq_slot_galley,common,battle,own_salvage_recovery,6,0,,0,0,
cq_lobster_tank,Volturnian Lobster Tank,cq_slot_galley,rare,market,flux_capacity,4,0,,0,0,
cq_darjeeling_service,Phaged Darjeeling Service,cq_slot_galley,exceptional,scavenge,repair_rate,12,0,insta_repair,5,0,
cq_songbook_chips,Dockside Songbook Chips,cq_slot_ent,common,market,officer_xp,6,0,,0,0,
cq_strategikon,Wardroom Strategikon,cq_slot_ent,rare,scavenge,command_point_rate,20,0,,0,0,
cq_arms_catalog,Arms-Catalog Subscription,cq_slot_ent,common,market,custom_production,10,0,,0,0,
cq_holo_chess,Holo-Chess Set,cq_slot_ent,uncommon,market,command_point_rate,15,0,,0,0,
cq_muse_cabinet,Muse Cabinet,cq_slot_ent,exceptional,scavenge,officer_xp,15,0,,0,0,
cq_guard_saber,Lion's Guard Ceremonial Saber,cq_slot_wall,rare,quest,marine_casualties,10,0,,0,0,
cq_amber_motes,Motes in Amber,cq_slot_light,exceptional,quest,top_speed,7,0,,0,0,
cq_janus_casing,Janus Prototype Casing,cq_slot_display,exceptional,quest,eburn_cr_cost,45,0,,0,0,
cq_pilgrim_icon,Pilgrim's Twelve-Station Icon,cq_slot_wall,rare,quest,fuel_salvage,10,0,,0,0,
cq_bornanew_reliquary,Bornanew Reliquary,cq_slot_display,rare,quest,overload_reduction,10,0,,0,0,
cq_rao_invitation,"Rao Ball Invitation, Framed",cq_slot_wall,uncommon,quest,max_contacts,1,0,,0,0,
cq_inert_trigger,Inert Trigger Assembly,cq_slot_display,exceptional,quest,emp_taken,22,0,,0,0,
cq_kallichore_plate,Kallichore Reading-Room Plate,cq_slot_desk,uncommon,quest,move_slow_bonus,1,0,,0,0,
cq_kanta_marker,Kanta's Marker,cq_slot_display,rare,quest,eburn_cr_cost,35,0,,0,0,
cq_survey_slab,Red Planet Survey Slab,cq_slot_desk,rare,quest,flux_dissipation,4,0,,0,0,
cq_megalobster_tank,Imperial Megalobster Tank,cq_slot_pet,exceptional,unique,crew_combat_loss,15,0,noncombat_crew_loss,10,0,
cq_parade_standard,Chicomoztoc Parade Standard,cq_slot_wall,rare,unique,crew_hull_damage,20,0,,0,0,
cq_signet_case,Kazeron Gens Signet Case,cq_slot_display,rare,unique,custom_production,20,0,,0,0,
cq_neural_soother,Eochu Bres Neural Soother,cq_slot_ent,rare,unique,cr_degradation,10,0,,0,0,
cq_reliquary_lamp,Gilead Reliquary Lamp,cq_slot_light,rare,unique,detected_at,10,0,,0,0,
cq_tesseract_cluster,Tesseract Facet Cluster,cq_slot_display,exceptional,guaranteed,dmod_reduction,1,0,,0,0,
cq_chart_core,Mothership Chart Core,cq_slot_desk,exceptional,guaranteed,terrain_penalty,14,0,,0,0,
cq_nexus_shard,Nexus Command Shard,cq_slot_ent,exceptional,guaranteed,insta_repair,12,0,,0,0,
cq_sample_carousel,Lab Sample Carousel,cq_slot_display,uncommon,thematic,salvage_not_rare,15,0,,0,0,
cq_lockbox,Quartermaster's Lockbox,cq_slot_galley,uncommon,thematic,ground_support,27,0,,0,0,
cq_bookends,Core-Sample Bookends,cq_slot_desk,common,thematic,fuel_salvage,6,0,,0,0,
cq_vine_basket,Hab-Grown Vine Basket,cq_slot_plant,uncommon,thematic,go_dark_detect,15,0,,0,0,
